{
    "uvs":[],
    "vertices":[113.984,0.090075,9.27054,113.984,3.59277,9.27054,113.984,3.59277,30.3524,113.984,0.090072,30.3524,98.3714,3.59277,30.3524,98.3714,0.090072,30.3524,98.3714,3.59277,9.27054,98.3714,0.090075,9.27054],
    "faces":[33,0,1,2,3,0,0,0,0,33,3,2,4,5,1,1,1,1,33,5,4,6,7,2,2,2,2,33,1,0,7,6,3,3,3,3,33,1,6,4,2,4,4,4,4,33,7,0,3,5,5,5,5,5],
    "normals":[1,0,0,-0,0,1,-1,0,0,0,2.72269e-07,-1,0,1,1.92256e-07,0,-1,-1.42425e-07],
    "metadata":{
        "generator":"io_three",
        "type":"Geometry",
        "normals":6,
        "vertices":8,
        "version":3,
        "uvs":0,
        "faces":6
    }
}