{
    "uvs":[],
    "vertices":[-0.79,-0.12,0.42,-0.91,-0.12,0.42,-0.85,-0.12,0,-0.79,-0.12,-0.42,-0.91,-0.12,-0.42,-0.79,0.1,0,-0.79,0.32,-0.42,-0.79,0.32,0.42,-0.85,0.1,0.42,-0.91,0.32,0.42,-0.91,0.1,0,-0.91,0.32,-0.42,-0.85,0.32,0,-0.85,0.1,-0.42],
    "faces":[32,0,1,2,0,1,2,32,3,0,2,3,0,2,32,4,3,2,4,3,2,32,1,4,2,1,4,2,32,0,3,5,0,3,5,32,3,6,5,3,6,5,32,6,7,5,6,7,5,32,7,0,5,7,0,5,32,1,0,8,1,0,8,32,0,7,8,0,7,8,32,7,9,8,7,9,8,32,9,1,8,9,1,8,32,4,1,10,4,1,10,32,1,9,10,1,9,10,32,9,11,10,9,11,10,32,11,4,10,11,4,10,32,9,7,12,9,7,12,32,7,6,12,7,6,12,32,6,11,12,6,11,12,32,11,9,12,11,9,12,32,3,4,13,3,4,13,32,4,11,13,4,11,13,32,11,6,13,11,6,13,32,6,3,13,6,3,13],
    "metadata":{
        "uvs":0,
        "type":"Geometry",
        "normals":14,
        "generator":"io_three",
        "vertices":14,
        "faces":24,
        "version":3
    },
    "normals":[0.577349,-0.577349,0.577349,-0.577349,-0.577349,0.577349,0,-1,0,0.577349,-0.577349,-0.577349,-0.577349,-0.577349,-0.577349,1,0,0,0.577349,0.577349,-0.577349,0.577349,0.577349,0.577349,0,0,1,-0.577349,0.577349,0.577349,-1,0,0,-0.577349,0.577349,-0.577349,0,1,0,0,0,-1]
}