{
    "uvs":[],
    "vertices":[0.931101,4.3e-05,-0.625999,0.931101,4.3e-05,-0.551751,0.788002,4.3e-05,-0.551751,0.788002,4.3e-05,-0.625999,0.939282,0.088951,-0.630432,0.779822,0.088951,-0.630432,0.779822,0.088951,-0.547319,0.939281,0.088951,-0.547319,0.935028,0.003625,-0.626173,0.942549,0.085369,-0.630249,0.942549,0.085369,-0.547502,0.935028,0.003625,-0.551577,0.931417,0.003636,-0.547975,0.938936,0.085358,-0.543901,0.780168,0.085358,-0.543901,0.787687,0.003636,-0.547975,0.784076,0.003625,-0.551577,0.776555,0.085369,-0.547502,0.776555,0.085369,-0.630249,0.784076,0.003625,-0.626173,0.938936,0.085358,-0.63385,0.931417,0.003636,-0.629776,0.787687,0.003636,-0.629776,0.780168,0.085358,-0.63385],
    "faces":[33,0,1,2,3,0,1,2,3,33,4,5,6,7,4,5,6,7,33,8,9,10,11,8,9,10,11,33,12,13,14,15,12,13,14,15,33,16,17,18,19,16,17,18,19,33,20,21,22,23,20,21,22,23,33,1,0,8,11,1,0,8,11,33,2,1,12,15,2,1,12,15,33,2,16,19,3,2,16,19,3,33,21,0,3,22,21,0,3,22,33,5,4,20,23,5,4,20,23,33,5,18,17,6,5,18,17,6,33,6,14,13,7,6,14,13,7,33,7,10,9,4,7,10,9,4,33,8,21,20,9,8,21,20,9,33,11,10,13,12,11,10,13,12,33,14,17,16,15,14,17,16,15,33,18,23,22,19,18,23,22,19,32,0,21,8,0,21,8,32,1,11,12,1,11,12,32,2,15,16,2,15,16,32,3,19,22,3,19,22,32,4,9,20,4,9,20,32,5,23,18,5,23,18,32,6,17,14,6,17,14,32,7,13,10,7,13,10],
    "metadata":{
        "uvs":0,
        "type":"Geometry",
        "normals":24,
        "generator":"io_three",
        "vertices":24,
        "faces":26,
        "version":3
    },
    "normals":[0.318125,-0.889737,-0.32725,0.318125,-0.889737,0.327311,-0.318186,-0.889706,0.327311,-0.318186,-0.889737,-0.32725,0.365886,0.859218,-0.357494,-0.365917,0.859218,-0.357494,-0.365917,0.859218,0.357494,0.365856,0.859249,0.357494,0.848872,-0.410596,-0.332835,0.897061,0.270913,-0.349071,0.897031,0.270943,0.349071,0.848872,-0.410565,0.332865,0.32844,-0.393597,0.858577,0.350505,0.287088,0.891446,-0.350475,0.287057,0.891476,-0.32841,-0.393567,0.858608,-0.848872,-0.410535,0.332865,-0.897061,0.270913,0.349101,-0.897061,0.270913,-0.349071,-0.848903,-0.410535,-0.332835,0.350505,0.287057,-0.891446,0.328471,-0.393628,-0.858547,-0.32844,-0.393628,-0.858577,-0.350505,0.287057,-0.891446]
}